-- phpMyAdmin SQL Dump
-- version 5.2.1
-- https://www.phpmyadmin.net/
--
-- Host: 127.0.0.1
-- Generation Time: May 16, 2025 at 02:13 PM
-- Server version: 10.4.32-MariaDB
-- PHP Version: 8.2.12

SET SQL_MODE = "NO_AUTO_VALUE_ON_ZERO";
START TRANSACTION;
SET time_zone = "+00:00";


/*!40101 SET @OLD_CHARACTER_SET_CLIENT=@@CHARACTER_SET_CLIENT */;
/*!40101 SET @OLD_CHARACTER_SET_RESULTS=@@CHARACTER_SET_RESULTS */;
/*!40101 SET @OLD_COLLATION_CONNECTION=@@COLLATION_CONNECTION */;
/*!40101 SET NAMES utf8mb4 */;

--
-- Database: `student_grade_management`
--

-- --------------------------------------------------------

--
-- Table structure for table `announcements`
--

CREATE TABLE `announcements` (
  `id` int(11) NOT NULL,
  `title` varchar(100) NOT NULL,
  `content` text NOT NULL,
  `created_by` int(11) NOT NULL,
  `created_at` timestamp NOT NULL DEFAULT current_timestamp()
) ENGINE=InnoDB DEFAULT CHARSET=utf8mb4 COLLATE=utf8mb4_general_ci;

--
-- Dumping data for table `announcements`
--

INSERT INTO `announcements` (`id`, `title`, `content`, `created_by`, `created_at`) VALUES
(4, 'No Class', 'Please be informed that there will be no classes on Friday, April 25, 2025, in observance of a local holiday. Regular classes will resume on Monday, April 28, 2025.\r\n\r\nWe encourage everyone to use this time to rest, catch up on schoolwork, and spend time with family.\r\n\r\nThank you, and stay safe!', 2, '2025-04-20 16:03:25'),
(5, 'HAPPY BIRTHDAY MAAM AMY', 'Let’s all take a moment to wish a very Happy Birthday to Ma\'am Amy! \r\nYour dedication, kindness, and passion for teaching inspire us every day.\r\nWe hope your day is filled with joy, laughter, and love. \r\n\r\nFeel free to greet her and make her day extra special!\r\n\r\n– From the entire school community', 2, '2025-04-20 16:04:13');

-- --------------------------------------------------------

--
-- Table structure for table `grades`
--

CREATE TABLE `grades` (
  `id` int(11) NOT NULL,
  `student_id` int(11) NOT NULL,
  `1stGrading` int(3) NOT NULL DEFAULT 0,
  `2ndGrading` int(3) NOT NULL DEFAULT 0,
  `3rdGrading` int(3) NOT NULL DEFAULT 0,
  `4thGrading` int(3) NOT NULL DEFAULT 0,
  `created_by` int(11) NOT NULL,
  `created_at` timestamp NOT NULL DEFAULT current_timestamp(),
  `yearlevel_id` int(11) DEFAULT NULL,
  `subject_id` int(11) DEFAULT NULL,
  `school_year_id` int(11) NOT NULL
) ENGINE=InnoDB DEFAULT CHARSET=utf8mb4 COLLATE=utf8mb4_general_ci;

--
-- Dumping data for table `grades`
--

INSERT INTO `grades` (`id`, `student_id`, `1stGrading`, `2ndGrading`, `3rdGrading`, `4thGrading`, `created_by`, `created_at`, `yearlevel_id`, `subject_id`, `school_year_id`) VALUES
(150, 8, 0, 0, 0, 0, 2, '2025-04-29 16:31:21', 1, 17, 1),
(151, 8, 0, 0, 0, 0, 2, '2025-04-29 16:31:21', 1, 18, 1),
(152, 8, 0, 0, 0, 0, 2, '2025-04-29 16:31:21', 1, 19, 1),
(153, 8, 0, 0, 0, 0, 2, '2025-04-29 16:31:21', 1, 20, 1),
(154, 8, 0, 0, 0, 0, 2, '2025-04-29 16:31:21', 1, 21, 1),
(155, 8, 0, 0, 0, 0, 2, '2025-04-29 16:31:21', 1, 22, 1),
(156, 8, 0, 0, 0, 0, 2, '2025-04-29 16:31:21', 1, 23, 1),
(157, 8, 0, 0, 0, 0, 2, '2025-04-29 16:31:21', 1, 24, 1),
(191, 9, 0, 0, 0, 0, 2, '2025-04-29 17:08:48', 3, 33, 1),
(192, 9, 0, 0, 0, 0, 2, '2025-04-29 17:08:48', 3, 34, 1),
(193, 9, 0, 0, 0, 0, 2, '2025-04-29 17:08:48', 3, 35, 1),
(194, 9, 0, 0, 0, 0, 2, '2025-04-29 17:08:48', 3, 36, 1),
(195, 9, 0, 0, 0, 0, 2, '2025-04-29 17:08:48', 3, 37, 1),
(196, 9, 0, 0, 0, 0, 2, '2025-04-29 17:08:48', 3, 38, 1),
(197, 9, 0, 0, 0, 0, 2, '2025-04-29 17:08:48', 3, 39, 1),
(198, 9, 0, 0, 0, 0, 2, '2025-04-29 17:08:48', 3, 40, 1),
(215, 10, 0, 0, 0, 0, 2, '2025-05-01 11:27:58', 1, 17, 1),
(216, 10, 0, 0, 0, 0, 2, '2025-05-01 11:27:58', 1, 18, 1),
(217, 10, 0, 0, 0, 0, 2, '2025-05-01 11:27:58', 1, 19, 1),
(218, 10, 0, 0, 0, 0, 2, '2025-05-01 11:27:58', 1, 20, 1),
(219, 10, 0, 0, 0, 0, 2, '2025-05-01 11:27:58', 1, 21, 1),
(220, 10, 0, 0, 0, 0, 2, '2025-05-01 11:27:58', 1, 22, 1),
(221, 10, 0, 0, 0, 0, 2, '2025-05-01 11:27:58', 1, 23, 1),
(222, 10, 0, 0, 0, 0, 2, '2025-05-01 11:27:58', 1, 24, 1),
(354, 11, 0, 0, 0, 0, 2, '2025-05-04 14:49:43', 1, 17, 1),
(355, 11, 0, 0, 0, 0, 2, '2025-05-04 14:49:43', 1, 18, 1),
(356, 11, 0, 0, 0, 0, 2, '2025-05-04 14:49:43', 1, 19, 1),
(357, 11, 0, 0, 0, 0, 2, '2025-05-04 14:49:43', 1, 20, 1),
(358, 11, 0, 0, 0, 0, 2, '2025-05-04 14:49:43', 1, 21, 1),
(359, 11, 0, 0, 0, 0, 2, '2025-05-04 14:49:43', 1, 22, 1),
(360, 11, 0, 0, 0, 0, 2, '2025-05-04 14:49:43', 1, 23, 1),
(361, 11, 0, 0, 0, 0, 2, '2025-05-04 14:49:43', 1, 24, 1),
(362, 12, 0, 0, 0, 0, 2, '2025-05-04 14:49:43', 1, 17, 1),
(363, 12, 0, 0, 0, 0, 2, '2025-05-04 14:49:43', 1, 18, 1),
(364, 12, 0, 0, 0, 0, 2, '2025-05-04 14:49:43', 1, 19, 1),
(365, 12, 0, 0, 0, 0, 2, '2025-05-04 14:49:43', 1, 20, 1),
(366, 12, 0, 0, 0, 0, 2, '2025-05-04 14:49:43', 1, 21, 1),
(367, 12, 0, 0, 0, 0, 2, '2025-05-04 14:49:43', 1, 22, 1),
(368, 12, 0, 0, 0, 0, 2, '2025-05-04 14:49:43', 1, 23, 1),
(369, 12, 0, 0, 0, 0, 2, '2025-05-04 14:49:43', 1, 24, 1),
(370, 21, 0, 0, 0, 0, 2, '2025-05-04 14:49:43', 1, 17, 1),
(371, 21, 0, 0, 0, 0, 2, '2025-05-04 14:49:43', 1, 18, 1),
(372, 21, 0, 0, 0, 0, 2, '2025-05-04 14:49:43', 1, 19, 1),
(373, 21, 0, 0, 0, 0, 2, '2025-05-04 14:49:43', 1, 20, 1),
(374, 21, 0, 0, 0, 0, 2, '2025-05-04 14:49:43', 1, 21, 1),
(375, 21, 0, 0, 0, 0, 2, '2025-05-04 14:49:43', 1, 22, 1),
(376, 21, 0, 0, 0, 0, 2, '2025-05-04 14:49:43', 1, 23, 1),
(377, 21, 0, 0, 0, 0, 2, '2025-05-04 14:49:43', 1, 24, 1),
(378, 22, 0, 0, 0, 0, 2, '2025-05-04 14:49:43', 1, 17, 1),
(379, 22, 0, 0, 0, 0, 2, '2025-05-04 14:49:43', 1, 18, 1),
(380, 22, 0, 0, 0, 0, 2, '2025-05-04 14:49:43', 1, 19, 1),
(381, 22, 0, 0, 0, 0, 2, '2025-05-04 14:49:43', 1, 20, 1),
(382, 22, 0, 0, 0, 0, 2, '2025-05-04 14:49:43', 1, 21, 1),
(383, 22, 0, 0, 0, 0, 2, '2025-05-04 14:49:43', 1, 22, 1),
(384, 22, 0, 0, 0, 0, 2, '2025-05-04 14:49:43', 1, 23, 1),
(385, 22, 0, 0, 0, 0, 2, '2025-05-04 14:49:43', 1, 24, 1),
(386, 23, 0, 0, 0, 0, 2, '2025-05-04 14:49:43', 1, 17, 1),
(387, 23, 0, 0, 0, 0, 2, '2025-05-04 14:49:43', 1, 18, 1),
(388, 23, 0, 0, 0, 0, 2, '2025-05-04 14:49:43', 1, 19, 1),
(389, 23, 0, 0, 0, 0, 2, '2025-05-04 14:49:43', 1, 20, 1),
(390, 23, 0, 0, 0, 0, 2, '2025-05-04 14:49:43', 1, 21, 1),
(391, 23, 0, 0, 0, 0, 2, '2025-05-04 14:49:43', 1, 22, 1),
(392, 23, 0, 0, 0, 0, 2, '2025-05-04 14:49:43', 1, 23, 1),
(393, 23, 0, 0, 0, 0, 2, '2025-05-04 14:49:43', 1, 24, 1),
(394, 24, 0, 0, 0, 0, 2, '2025-05-04 14:49:43', 1, 17, 1),
(395, 24, 0, 0, 0, 0, 2, '2025-05-04 14:49:43', 1, 18, 1),
(396, 24, 0, 0, 0, 0, 2, '2025-05-04 14:49:43', 1, 19, 1),
(397, 24, 0, 0, 0, 0, 2, '2025-05-04 14:49:43', 1, 20, 1),
(398, 24, 0, 0, 0, 0, 2, '2025-05-04 14:49:43', 1, 21, 1),
(399, 24, 0, 0, 0, 0, 2, '2025-05-04 14:49:43', 1, 22, 1),
(400, 24, 0, 0, 0, 0, 2, '2025-05-04 14:49:43', 1, 23, 1),
(401, 24, 0, 0, 0, 0, 2, '2025-05-04 14:49:43', 1, 24, 1),
(402, 25, 0, 0, 0, 0, 2, '2025-05-04 14:49:43', 1, 17, 1),
(403, 25, 0, 0, 0, 0, 2, '2025-05-04 14:49:43', 1, 18, 1),
(404, 25, 0, 0, 0, 0, 2, '2025-05-04 14:49:43', 1, 19, 1),
(405, 25, 0, 0, 0, 0, 2, '2025-05-04 14:49:43', 1, 20, 1),
(406, 25, 0, 0, 0, 0, 2, '2025-05-04 14:49:43', 1, 21, 1),
(407, 25, 0, 0, 0, 0, 2, '2025-05-04 14:49:43', 1, 22, 1),
(408, 25, 0, 0, 0, 0, 2, '2025-05-04 14:49:43', 1, 23, 1),
(409, 25, 0, 0, 0, 0, 2, '2025-05-04 14:49:43', 1, 24, 1),
(410, 26, 0, 0, 0, 0, 2, '2025-05-04 14:49:43', 1, 17, 1),
(411, 26, 0, 0, 0, 0, 2, '2025-05-04 14:49:43', 1, 18, 1),
(412, 26, 0, 0, 0, 0, 2, '2025-05-04 14:49:43', 1, 19, 1),
(413, 26, 0, 0, 0, 0, 2, '2025-05-04 14:49:43', 1, 20, 1),
(414, 26, 0, 0, 0, 0, 2, '2025-05-04 14:49:43', 1, 21, 1),
(415, 26, 0, 0, 0, 0, 2, '2025-05-04 14:49:43', 1, 22, 1),
(416, 26, 0, 0, 0, 0, 2, '2025-05-04 14:49:43', 1, 23, 1),
(417, 26, 0, 0, 0, 0, 2, '2025-05-04 14:49:43', 1, 24, 1),
(418, 27, 0, 0, 0, 0, 2, '2025-05-04 14:49:43', 1, 17, 1),
(419, 27, 0, 0, 0, 0, 2, '2025-05-04 14:49:43', 1, 18, 1),
(420, 27, 0, 0, 0, 0, 2, '2025-05-04 14:49:43', 1, 19, 1),
(421, 27, 0, 0, 0, 0, 2, '2025-05-04 14:49:43', 1, 20, 1),
(422, 27, 0, 0, 0, 0, 2, '2025-05-04 14:49:43', 1, 21, 1),
(423, 27, 0, 0, 0, 0, 2, '2025-05-04 14:49:43', 1, 22, 1),
(424, 27, 0, 0, 0, 0, 2, '2025-05-04 14:49:43', 1, 23, 1),
(425, 27, 0, 0, 0, 0, 2, '2025-05-04 14:49:43', 1, 24, 1),
(426, 28, 0, 0, 0, 0, 2, '2025-05-04 14:49:43', 1, 17, 1),
(427, 28, 0, 0, 0, 0, 2, '2025-05-04 14:49:43', 1, 18, 1),
(428, 28, 0, 0, 0, 0, 2, '2025-05-04 14:49:43', 1, 19, 1),
(429, 28, 0, 0, 0, 0, 2, '2025-05-04 14:49:43', 1, 20, 1),
(430, 28, 0, 0, 0, 0, 2, '2025-05-04 14:49:43', 1, 21, 1),
(431, 28, 0, 0, 0, 0, 2, '2025-05-04 14:49:43', 1, 22, 1),
(432, 28, 0, 0, 0, 0, 2, '2025-05-04 14:49:43', 1, 23, 1),
(433, 28, 0, 0, 0, 0, 2, '2025-05-04 14:49:43', 1, 24, 1),
(434, 29, 0, 0, 0, 0, 2, '2025-05-04 14:49:43', 1, 17, 1),
(435, 29, 0, 0, 0, 0, 2, '2025-05-04 14:49:43', 1, 18, 1),
(436, 29, 0, 0, 0, 0, 2, '2025-05-04 14:49:43', 1, 19, 1),
(437, 29, 0, 0, 0, 0, 2, '2025-05-04 14:49:43', 1, 20, 1),
(438, 29, 0, 0, 0, 0, 2, '2025-05-04 14:49:43', 1, 21, 1),
(439, 29, 0, 0, 0, 0, 2, '2025-05-04 14:49:43', 1, 22, 1),
(440, 29, 0, 0, 0, 0, 2, '2025-05-04 14:49:43', 1, 23, 1),
(441, 29, 0, 0, 0, 0, 2, '2025-05-04 14:49:43', 1, 24, 1),
(442, 30, 0, 0, 0, 0, 2, '2025-05-04 14:49:43', 1, 17, 1),
(443, 30, 0, 0, 0, 0, 2, '2025-05-04 14:49:43', 1, 18, 1),
(444, 30, 0, 0, 0, 0, 2, '2025-05-04 14:49:43', 1, 19, 1),
(445, 30, 0, 0, 0, 0, 2, '2025-05-04 14:49:43', 1, 20, 1),
(446, 30, 0, 0, 0, 0, 2, '2025-05-04 14:49:43', 1, 21, 1),
(447, 30, 0, 0, 0, 0, 2, '2025-05-04 14:49:43', 1, 22, 1),
(448, 30, 0, 0, 0, 0, 2, '2025-05-04 14:49:43', 1, 23, 1),
(449, 30, 0, 0, 0, 0, 2, '2025-05-04 14:49:43', 1, 24, 1),
(450, 31, 0, 0, 0, 0, 2, '2025-05-04 14:49:43', 1, 17, 1),
(451, 31, 0, 0, 0, 0, 2, '2025-05-04 14:49:43', 1, 18, 1),
(452, 31, 0, 0, 0, 0, 2, '2025-05-04 14:49:43', 1, 19, 1),
(453, 31, 0, 0, 0, 0, 2, '2025-05-04 14:49:43', 1, 20, 1),
(454, 31, 0, 0, 0, 0, 2, '2025-05-04 14:49:43', 1, 21, 1),
(455, 31, 0, 0, 0, 0, 2, '2025-05-04 14:49:43', 1, 22, 1),
(456, 31, 0, 0, 0, 0, 2, '2025-05-04 14:49:43', 1, 23, 1),
(457, 31, 0, 0, 0, 0, 2, '2025-05-04 14:49:43', 1, 24, 1),
(458, 32, 0, 0, 0, 0, 2, '2025-05-04 14:49:43', 1, 17, 1),
(459, 32, 0, 0, 0, 0, 2, '2025-05-04 14:49:43', 1, 18, 1),
(460, 32, 0, 0, 0, 0, 2, '2025-05-04 14:49:43', 1, 19, 1),
(461, 32, 0, 0, 0, 0, 2, '2025-05-04 14:49:43', 1, 20, 1),
(462, 32, 0, 0, 0, 0, 2, '2025-05-04 14:49:43', 1, 21, 1),
(463, 32, 0, 0, 0, 0, 2, '2025-05-04 14:49:43', 1, 22, 1),
(464, 32, 0, 0, 0, 0, 2, '2025-05-04 14:49:43', 1, 23, 1),
(465, 32, 0, 0, 0, 0, 2, '2025-05-04 14:49:43', 1, 24, 1),
(466, 33, 0, 0, 0, 0, 2, '2025-05-04 14:49:43', 1, 17, 1),
(467, 33, 0, 0, 0, 0, 2, '2025-05-04 14:49:43', 1, 18, 1),
(468, 33, 0, 0, 0, 0, 2, '2025-05-04 14:49:43', 1, 19, 1),
(469, 33, 0, 0, 0, 0, 2, '2025-05-04 14:49:43', 1, 20, 1),
(470, 33, 0, 0, 0, 0, 2, '2025-05-04 14:49:43', 1, 21, 1),
(471, 33, 0, 0, 0, 0, 2, '2025-05-04 14:49:43', 1, 22, 1),
(472, 33, 0, 0, 0, 0, 2, '2025-05-04 14:49:43', 1, 23, 1),
(473, 33, 0, 0, 0, 0, 2, '2025-05-04 14:49:43', 1, 24, 1),
(474, 34, 0, 0, 0, 0, 2, '2025-05-04 14:50:03', 1, 17, 1),
(475, 34, 0, 0, 0, 0, 2, '2025-05-04 14:50:03', 1, 18, 1),
(476, 34, 0, 0, 0, 0, 2, '2025-05-04 14:50:03', 1, 19, 1),
(477, 34, 0, 0, 0, 0, 2, '2025-05-04 14:50:03', 1, 20, 1),
(478, 34, 0, 0, 0, 0, 2, '2025-05-04 14:50:03', 1, 21, 1),
(479, 34, 0, 0, 0, 0, 2, '2025-05-04 14:50:03', 1, 22, 1),
(480, 34, 0, 0, 0, 0, 2, '2025-05-04 14:50:03', 1, 23, 1),
(481, 34, 0, 0, 0, 0, 2, '2025-05-04 14:50:03', 1, 24, 1),
(482, 35, 0, 0, 0, 0, 2, '2025-05-04 14:50:03', 1, 17, 1),
(483, 35, 0, 0, 0, 0, 2, '2025-05-04 14:50:03', 1, 18, 1),
(484, 35, 0, 0, 0, 0, 2, '2025-05-04 14:50:03', 1, 19, 1),
(485, 35, 0, 0, 0, 0, 2, '2025-05-04 14:50:03', 1, 20, 1),
(486, 35, 0, 0, 0, 0, 2, '2025-05-04 14:50:03', 1, 21, 1),
(487, 35, 0, 0, 0, 0, 2, '2025-05-04 14:50:03', 1, 22, 1),
(488, 35, 0, 0, 0, 0, 2, '2025-05-04 14:50:03', 1, 23, 1),
(489, 35, 0, 0, 0, 0, 2, '2025-05-04 14:50:03', 1, 24, 1),
(490, 36, 0, 0, 0, 0, 2, '2025-05-04 14:50:03', 1, 17, 1),
(491, 36, 0, 0, 0, 0, 2, '2025-05-04 14:50:03', 1, 18, 1),
(492, 36, 0, 0, 0, 0, 2, '2025-05-04 14:50:03', 1, 19, 1),
(493, 36, 0, 0, 0, 0, 2, '2025-05-04 14:50:03', 1, 20, 1),
(494, 36, 0, 0, 0, 0, 2, '2025-05-04 14:50:03', 1, 21, 1),
(495, 36, 0, 0, 0, 0, 2, '2025-05-04 14:50:03', 1, 22, 1),
(496, 36, 0, 0, 0, 0, 2, '2025-05-04 14:50:03', 1, 23, 1),
(497, 36, 0, 0, 0, 0, 2, '2025-05-04 14:50:03', 1, 24, 1),
(498, 37, 0, 0, 0, 0, 2, '2025-05-04 14:50:03', 1, 17, 1),
(499, 37, 0, 0, 0, 0, 2, '2025-05-04 14:50:03', 1, 18, 1),
(500, 37, 0, 0, 0, 0, 2, '2025-05-04 14:50:03', 1, 19, 1),
(501, 37, 0, 0, 0, 0, 2, '2025-05-04 14:50:03', 1, 20, 1),
(502, 37, 0, 0, 0, 0, 2, '2025-05-04 14:50:03', 1, 21, 1),
(503, 37, 0, 0, 0, 0, 2, '2025-05-04 14:50:03', 1, 22, 1),
(504, 37, 0, 0, 0, 0, 2, '2025-05-04 14:50:03', 1, 23, 1),
(505, 37, 0, 0, 0, 0, 2, '2025-05-04 14:50:03', 1, 24, 1),
(506, 38, 0, 0, 0, 0, 2, '2025-05-04 14:50:03', 1, 17, 1),
(507, 38, 0, 0, 0, 0, 2, '2025-05-04 14:50:03', 1, 18, 1),
(508, 38, 0, 0, 0, 0, 2, '2025-05-04 14:50:03', 1, 19, 1),
(509, 38, 0, 0, 0, 0, 2, '2025-05-04 14:50:03', 1, 20, 1),
(510, 38, 0, 0, 0, 0, 2, '2025-05-04 14:50:03', 1, 21, 1),
(511, 38, 0, 0, 0, 0, 2, '2025-05-04 14:50:03', 1, 22, 1),
(512, 38, 0, 0, 0, 0, 2, '2025-05-04 14:50:03', 1, 23, 1),
(513, 38, 0, 0, 0, 0, 2, '2025-05-04 14:50:03', 1, 24, 1),
(514, 39, 0, 0, 0, 0, 2, '2025-05-04 14:50:03', 1, 17, 1),
(515, 39, 0, 0, 0, 0, 2, '2025-05-04 14:50:03', 1, 18, 1),
(516, 39, 0, 0, 0, 0, 2, '2025-05-04 14:50:03', 1, 19, 1),
(517, 39, 0, 0, 0, 0, 2, '2025-05-04 14:50:03', 1, 20, 1),
(518, 39, 0, 0, 0, 0, 2, '2025-05-04 14:50:03', 1, 21, 1),
(519, 39, 0, 0, 0, 0, 2, '2025-05-04 14:50:03', 1, 22, 1),
(520, 39, 0, 0, 0, 0, 2, '2025-05-04 14:50:03', 1, 23, 1),
(521, 39, 0, 0, 0, 0, 2, '2025-05-04 14:50:03', 1, 24, 1),
(522, 40, 0, 0, 0, 0, 2, '2025-05-04 14:50:03', 1, 17, 1),
(523, 40, 0, 0, 0, 0, 2, '2025-05-04 14:50:03', 1, 18, 1),
(524, 40, 0, 0, 0, 0, 2, '2025-05-04 14:50:03', 1, 19, 1),
(525, 40, 0, 0, 0, 0, 2, '2025-05-04 14:50:03', 1, 20, 1),
(526, 40, 0, 0, 0, 0, 2, '2025-05-04 14:50:03', 1, 21, 1),
(527, 40, 0, 0, 0, 0, 2, '2025-05-04 14:50:03', 1, 22, 1),
(528, 40, 0, 0, 0, 0, 2, '2025-05-04 14:50:03', 1, 23, 1),
(529, 40, 0, 0, 0, 0, 2, '2025-05-04 14:50:03', 1, 24, 1),
(530, 41, 0, 0, 0, 0, 2, '2025-05-04 14:50:03', 1, 17, 1),
(531, 41, 0, 0, 0, 0, 2, '2025-05-04 14:50:03', 1, 18, 1),
(532, 41, 0, 0, 0, 0, 2, '2025-05-04 14:50:03', 1, 19, 1),
(533, 41, 0, 0, 0, 0, 2, '2025-05-04 14:50:03', 1, 20, 1),
(534, 41, 0, 0, 0, 0, 2, '2025-05-04 14:50:03', 1, 21, 1),
(535, 41, 0, 0, 0, 0, 2, '2025-05-04 14:50:03', 1, 22, 1),
(536, 41, 0, 0, 0, 0, 2, '2025-05-04 14:50:03', 1, 23, 1),
(537, 41, 0, 0, 0, 0, 2, '2025-05-04 14:50:03', 1, 24, 1),
(538, 42, 0, 0, 0, 0, 2, '2025-05-04 14:50:03', 1, 17, 1),
(539, 42, 0, 0, 0, 0, 2, '2025-05-04 14:50:03', 1, 18, 1),
(540, 42, 0, 0, 0, 0, 2, '2025-05-04 14:50:03', 1, 19, 1),
(541, 42, 0, 0, 0, 0, 2, '2025-05-04 14:50:03', 1, 20, 1),
(542, 42, 0, 0, 0, 0, 2, '2025-05-04 14:50:03', 1, 21, 1),
(543, 42, 0, 0, 0, 0, 2, '2025-05-04 14:50:03', 1, 22, 1),
(544, 42, 0, 0, 0, 0, 2, '2025-05-04 14:50:03', 1, 23, 1),
(545, 42, 0, 0, 0, 0, 2, '2025-05-04 14:50:03', 1, 24, 1),
(546, 43, 0, 0, 0, 0, 2, '2025-05-04 14:50:03', 1, 17, 1),
(547, 43, 0, 0, 0, 0, 2, '2025-05-04 14:50:03', 1, 18, 1),
(548, 43, 0, 0, 0, 0, 2, '2025-05-04 14:50:03', 1, 19, 1),
(549, 43, 0, 0, 0, 0, 2, '2025-05-04 14:50:03', 1, 20, 1),
(550, 43, 0, 0, 0, 0, 2, '2025-05-04 14:50:03', 1, 21, 1),
(551, 43, 0, 0, 0, 0, 2, '2025-05-04 14:50:03', 1, 22, 1),
(552, 43, 0, 0, 0, 0, 2, '2025-05-04 14:50:03', 1, 23, 1),
(553, 43, 0, 0, 0, 0, 2, '2025-05-04 14:50:03', 1, 24, 1),
(554, 44, 0, 0, 0, 0, 2, '2025-05-04 14:50:03', 1, 17, 1),
(555, 44, 0, 0, 0, 0, 2, '2025-05-04 14:50:03', 1, 18, 1),
(556, 44, 0, 0, 0, 0, 2, '2025-05-04 14:50:03', 1, 19, 1),
(557, 44, 0, 0, 0, 0, 2, '2025-05-04 14:50:03', 1, 20, 1),
(558, 44, 0, 0, 0, 0, 2, '2025-05-04 14:50:03', 1, 21, 1),
(559, 44, 0, 0, 0, 0, 2, '2025-05-04 14:50:03', 1, 22, 1),
(560, 44, 0, 0, 0, 0, 2, '2025-05-04 14:50:03', 1, 23, 1),
(561, 44, 0, 0, 0, 0, 2, '2025-05-04 14:50:03', 1, 24, 1),
(562, 45, 0, 0, 0, 0, 2, '2025-05-04 14:50:03', 1, 17, 1),
(563, 45, 0, 0, 0, 0, 2, '2025-05-04 14:50:03', 1, 18, 1),
(564, 45, 0, 0, 0, 0, 2, '2025-05-04 14:50:03', 1, 19, 1),
(565, 45, 0, 0, 0, 0, 2, '2025-05-04 14:50:03', 1, 20, 1),
(566, 45, 0, 0, 0, 0, 2, '2025-05-04 14:50:03', 1, 21, 1),
(567, 45, 0, 0, 0, 0, 2, '2025-05-04 14:50:03', 1, 22, 1),
(568, 45, 0, 0, 0, 0, 2, '2025-05-04 14:50:03', 1, 23, 1),
(569, 45, 0, 0, 0, 0, 2, '2025-05-04 14:50:03', 1, 24, 1),
(570, 46, 0, 0, 0, 0, 2, '2025-05-04 14:50:03', 1, 17, 1),
(571, 46, 0, 0, 0, 0, 2, '2025-05-04 14:50:03', 1, 18, 1),
(572, 46, 0, 0, 0, 0, 2, '2025-05-04 14:50:03', 1, 19, 1),
(573, 46, 0, 0, 0, 0, 2, '2025-05-04 14:50:03', 1, 20, 1),
(574, 46, 0, 0, 0, 0, 2, '2025-05-04 14:50:03', 1, 21, 1),
(575, 46, 0, 0, 0, 0, 2, '2025-05-04 14:50:03', 1, 22, 1),
(576, 46, 0, 0, 0, 0, 2, '2025-05-04 14:50:03', 1, 23, 1),
(577, 46, 0, 0, 0, 0, 2, '2025-05-04 14:50:03', 1, 24, 1),
(578, 47, 0, 0, 0, 0, 2, '2025-05-04 14:50:03', 1, 17, 1),
(579, 47, 0, 0, 0, 0, 2, '2025-05-04 14:50:03', 1, 18, 1),
(580, 47, 0, 0, 0, 0, 2, '2025-05-04 14:50:03', 1, 19, 1),
(581, 47, 0, 0, 0, 0, 2, '2025-05-04 14:50:03', 1, 20, 1),
(582, 47, 0, 0, 0, 0, 2, '2025-05-04 14:50:03', 1, 21, 1),
(583, 47, 0, 0, 0, 0, 2, '2025-05-04 14:50:03', 1, 22, 1),
(584, 47, 0, 0, 0, 0, 2, '2025-05-04 14:50:03', 1, 23, 1),
(585, 47, 0, 0, 0, 0, 2, '2025-05-04 14:50:03', 1, 24, 1),
(586, 48, 0, 0, 0, 0, 2, '2025-05-04 14:50:03', 1, 17, 1),
(587, 48, 0, 0, 0, 0, 2, '2025-05-04 14:50:03', 1, 18, 1),
(588, 48, 0, 0, 0, 0, 2, '2025-05-04 14:50:03', 1, 19, 1),
(589, 48, 0, 0, 0, 0, 2, '2025-05-04 14:50:03', 1, 20, 1),
(590, 48, 0, 0, 0, 0, 2, '2025-05-04 14:50:04', 1, 21, 1),
(591, 48, 0, 0, 0, 0, 2, '2025-05-04 14:50:04', 1, 22, 1),
(592, 48, 0, 0, 0, 0, 2, '2025-05-04 14:50:04', 1, 23, 1),
(593, 48, 0, 0, 0, 0, 2, '2025-05-04 14:50:04', 1, 24, 1),
(594, 49, 0, 0, 0, 0, 2, '2025-05-04 14:50:41', 3, 33, 1),
(595, 49, 0, 0, 0, 0, 2, '2025-05-04 14:50:41', 3, 34, 1),
(596, 49, 0, 0, 0, 0, 2, '2025-05-04 14:50:41', 3, 35, 1),
(597, 49, 0, 0, 0, 0, 2, '2025-05-04 14:50:41', 3, 36, 1),
(598, 49, 0, 0, 0, 0, 2, '2025-05-04 14:50:41', 3, 37, 1),
(599, 49, 0, 0, 0, 0, 2, '2025-05-04 14:50:41', 3, 38, 1),
(600, 49, 0, 0, 0, 0, 2, '2025-05-04 14:50:41', 3, 39, 1),
(601, 49, 0, 0, 0, 0, 2, '2025-05-04 14:50:41', 3, 40, 1),
(602, 50, 0, 0, 0, 0, 2, '2025-05-04 14:50:41', 3, 33, 1),
(603, 50, 0, 0, 0, 0, 2, '2025-05-04 14:50:41', 3, 34, 1),
(604, 50, 0, 0, 0, 0, 2, '2025-05-04 14:50:41', 3, 35, 1),
(605, 50, 0, 0, 0, 0, 2, '2025-05-04 14:50:41', 3, 36, 1),
(606, 50, 0, 0, 0, 0, 2, '2025-05-04 14:50:41', 3, 37, 1),
(607, 50, 0, 0, 0, 0, 2, '2025-05-04 14:50:41', 3, 38, 1),
(608, 50, 0, 0, 0, 0, 2, '2025-05-04 14:50:41', 3, 39, 1),
(609, 50, 0, 0, 0, 0, 2, '2025-05-04 14:50:41', 3, 40, 1),
(610, 51, 0, 0, 0, 0, 2, '2025-05-04 14:50:41', 3, 33, 1),
(611, 51, 0, 0, 0, 0, 2, '2025-05-04 14:50:41', 3, 34, 1),
(612, 51, 0, 0, 0, 0, 2, '2025-05-04 14:50:41', 3, 35, 1),
(613, 51, 0, 0, 0, 0, 2, '2025-05-04 14:50:41', 3, 36, 1),
(614, 51, 0, 0, 0, 0, 2, '2025-05-04 14:50:41', 3, 37, 1),
(615, 51, 0, 0, 0, 0, 2, '2025-05-04 14:50:41', 3, 38, 1),
(616, 51, 0, 0, 0, 0, 2, '2025-05-04 14:50:41', 3, 39, 1),
(617, 51, 0, 0, 0, 0, 2, '2025-05-04 14:50:41', 3, 40, 1),
(618, 52, 0, 0, 0, 0, 2, '2025-05-04 14:50:41', 3, 33, 1),
(619, 52, 0, 0, 0, 0, 2, '2025-05-04 14:50:41', 3, 34, 1),
(620, 52, 0, 0, 0, 0, 2, '2025-05-04 14:50:41', 3, 35, 1),
(621, 52, 0, 0, 0, 0, 2, '2025-05-04 14:50:41', 3, 36, 1),
(622, 52, 0, 0, 0, 0, 2, '2025-05-04 14:50:41', 3, 37, 1),
(623, 52, 0, 0, 0, 0, 2, '2025-05-04 14:50:41', 3, 38, 1),
(624, 52, 0, 0, 0, 0, 2, '2025-05-04 14:50:41', 3, 39, 1),
(625, 52, 0, 0, 0, 0, 2, '2025-05-04 14:50:41', 3, 40, 1),
(626, 53, 0, 0, 0, 0, 2, '2025-05-04 14:50:41', 3, 33, 1),
(627, 53, 0, 0, 0, 0, 2, '2025-05-04 14:50:41', 3, 34, 1),
(628, 53, 0, 0, 0, 0, 2, '2025-05-04 14:50:41', 3, 35, 1),
(629, 53, 0, 0, 0, 0, 2, '2025-05-04 14:50:41', 3, 36, 1),
(630, 53, 0, 0, 0, 0, 2, '2025-05-04 14:50:41', 3, 37, 1),
(631, 53, 0, 0, 0, 0, 2, '2025-05-04 14:50:41', 3, 38, 1),
(632, 53, 0, 0, 0, 0, 2, '2025-05-04 14:50:41', 3, 39, 1),
(633, 53, 0, 0, 0, 0, 2, '2025-05-04 14:50:41', 3, 40, 1),
(634, 54, 0, 0, 0, 0, 2, '2025-05-04 14:50:41', 3, 33, 1),
(635, 54, 0, 0, 0, 0, 2, '2025-05-04 14:50:41', 3, 34, 1),
(636, 54, 0, 0, 0, 0, 2, '2025-05-04 14:50:41', 3, 35, 1),
(637, 54, 0, 0, 0, 0, 2, '2025-05-04 14:50:41', 3, 36, 1),
(638, 54, 0, 0, 0, 0, 2, '2025-05-04 14:50:41', 3, 37, 1),
(639, 54, 0, 0, 0, 0, 2, '2025-05-04 14:50:41', 3, 38, 1),
(640, 54, 0, 0, 0, 0, 2, '2025-05-04 14:50:41', 3, 39, 1),
(641, 54, 0, 0, 0, 0, 2, '2025-05-04 14:50:41', 3, 40, 1),
(642, 55, 0, 0, 0, 0, 2, '2025-05-04 14:50:41', 3, 33, 1),
(643, 55, 0, 0, 0, 0, 2, '2025-05-04 14:50:41', 3, 34, 1),
(644, 55, 0, 0, 0, 0, 2, '2025-05-04 14:50:41', 3, 35, 1),
(645, 55, 0, 0, 0, 0, 2, '2025-05-04 14:50:41', 3, 36, 1),
(646, 55, 0, 0, 0, 0, 2, '2025-05-04 14:50:41', 3, 37, 1),
(647, 55, 0, 0, 0, 0, 2, '2025-05-04 14:50:41', 3, 38, 1),
(648, 55, 0, 0, 0, 0, 2, '2025-05-04 14:50:41', 3, 39, 1),
(649, 55, 0, 0, 0, 0, 2, '2025-05-04 14:50:41', 3, 40, 1),
(650, 56, 0, 0, 0, 0, 2, '2025-05-04 14:50:41', 3, 33, 1),
(651, 56, 0, 0, 0, 0, 2, '2025-05-04 14:50:41', 3, 34, 1),
(652, 56, 0, 0, 0, 0, 2, '2025-05-04 14:50:41', 3, 35, 1),
(653, 56, 0, 0, 0, 0, 2, '2025-05-04 14:50:41', 3, 36, 1),
(654, 56, 0, 0, 0, 0, 2, '2025-05-04 14:50:41', 3, 37, 1),
(655, 56, 0, 0, 0, 0, 2, '2025-05-04 14:50:41', 3, 38, 1),
(656, 56, 0, 0, 0, 0, 2, '2025-05-04 14:50:41', 3, 39, 1),
(657, 56, 0, 0, 0, 0, 2, '2025-05-04 14:50:41', 3, 40, 1),
(658, 57, 0, 0, 0, 0, 2, '2025-05-04 14:50:41', 3, 33, 1),
(659, 57, 0, 0, 0, 0, 2, '2025-05-04 14:50:41', 3, 34, 1),
(660, 57, 0, 0, 0, 0, 2, '2025-05-04 14:50:41', 3, 35, 1),
(661, 57, 0, 0, 0, 0, 2, '2025-05-04 14:50:41', 3, 36, 1),
(662, 57, 0, 0, 0, 0, 2, '2025-05-04 14:50:41', 3, 37, 1),
(663, 57, 0, 0, 0, 0, 2, '2025-05-04 14:50:41', 3, 38, 1),
(664, 57, 0, 0, 0, 0, 2, '2025-05-04 14:50:41', 3, 39, 1),
(665, 57, 0, 0, 0, 0, 2, '2025-05-04 14:50:41', 3, 40, 1),
(666, 58, 0, 0, 0, 0, 2, '2025-05-04 14:50:41', 3, 33, 1),
(667, 58, 0, 0, 0, 0, 2, '2025-05-04 14:50:41', 3, 34, 1),
(668, 58, 0, 0, 0, 0, 2, '2025-05-04 14:50:41', 3, 35, 1),
(669, 58, 0, 0, 0, 0, 2, '2025-05-04 14:50:41', 3, 36, 1),
(670, 58, 0, 0, 0, 0, 2, '2025-05-04 14:50:41', 3, 37, 1),
(671, 58, 0, 0, 0, 0, 2, '2025-05-04 14:50:41', 3, 38, 1),
(672, 58, 0, 0, 0, 0, 2, '2025-05-04 14:50:41', 3, 39, 1),
(673, 58, 0, 0, 0, 0, 2, '2025-05-04 14:50:41', 3, 40, 1),
(674, 59, 0, 0, 0, 0, 2, '2025-05-04 14:50:41', 3, 33, 1),
(675, 59, 0, 0, 0, 0, 2, '2025-05-04 14:50:41', 3, 34, 1),
(676, 59, 0, 0, 0, 0, 2, '2025-05-04 14:50:41', 3, 35, 1),
(677, 59, 0, 0, 0, 0, 2, '2025-05-04 14:50:41', 3, 36, 1),
(678, 59, 0, 0, 0, 0, 2, '2025-05-04 14:50:41', 3, 37, 1),
(679, 59, 0, 0, 0, 0, 2, '2025-05-04 14:50:41', 3, 38, 1),
(680, 59, 0, 0, 0, 0, 2, '2025-05-04 14:50:41', 3, 39, 1),
(681, 59, 0, 0, 0, 0, 2, '2025-05-04 14:50:41', 3, 40, 1),
(682, 60, 0, 0, 0, 0, 2, '2025-05-04 14:50:41', 3, 33, 1),
(683, 60, 0, 0, 0, 0, 2, '2025-05-04 14:50:41', 3, 34, 1),
(684, 60, 0, 0, 0, 0, 2, '2025-05-04 14:50:41', 3, 35, 1),
(685, 60, 0, 0, 0, 0, 2, '2025-05-04 14:50:41', 3, 36, 1),
(686, 60, 0, 0, 0, 0, 2, '2025-05-04 14:50:41', 3, 37, 1),
(687, 60, 0, 0, 0, 0, 2, '2025-05-04 14:50:41', 3, 38, 1),
(688, 60, 0, 0, 0, 0, 2, '2025-05-04 14:50:41', 3, 39, 1),
(689, 60, 0, 0, 0, 0, 2, '2025-05-04 14:50:41', 3, 40, 1),
(690, 61, 0, 0, 0, 0, 2, '2025-05-04 14:50:52', 1, 17, 1),
(691, 61, 0, 0, 0, 0, 2, '2025-05-04 14:50:52', 1, 18, 1),
(692, 61, 0, 0, 0, 0, 2, '2025-05-04 14:50:52', 1, 19, 1),
(693, 61, 0, 0, 0, 0, 2, '2025-05-04 14:50:52', 1, 20, 1),
(694, 61, 0, 0, 0, 0, 2, '2025-05-04 14:50:52', 1, 21, 1),
(695, 61, 0, 0, 0, 0, 2, '2025-05-04 14:50:52', 1, 22, 1),
(696, 61, 0, 0, 0, 0, 2, '2025-05-04 14:50:52', 1, 23, 1),
(697, 61, 0, 0, 0, 0, 2, '2025-05-04 14:50:52', 1, 24, 1),
(698, 62, 0, 0, 0, 0, 2, '2025-05-04 14:50:52', 1, 17, 1),
(699, 62, 0, 0, 0, 0, 2, '2025-05-04 14:50:52', 1, 18, 1),
(700, 62, 0, 0, 0, 0, 2, '2025-05-04 14:50:52', 1, 19, 1),
(701, 62, 0, 0, 0, 0, 2, '2025-05-04 14:50:52', 1, 20, 1),
(702, 62, 0, 0, 0, 0, 2, '2025-05-04 14:50:52', 1, 21, 1),
(703, 62, 0, 0, 0, 0, 2, '2025-05-04 14:50:52', 1, 22, 1),
(704, 62, 0, 0, 0, 0, 2, '2025-05-04 14:50:52', 1, 23, 1),
(705, 62, 0, 0, 0, 0, 2, '2025-05-04 14:50:52', 1, 24, 1),
(706, 63, 0, 0, 0, 0, 2, '2025-05-04 14:50:52', 1, 17, 1),
(707, 63, 0, 0, 0, 0, 2, '2025-05-04 14:50:52', 1, 18, 1),
(708, 63, 0, 0, 0, 0, 2, '2025-05-04 14:50:52', 1, 19, 1),
(709, 63, 0, 0, 0, 0, 2, '2025-05-04 14:50:52', 1, 20, 1),
(710, 63, 0, 0, 0, 0, 2, '2025-05-04 14:50:52', 1, 21, 1),
(711, 63, 0, 0, 0, 0, 2, '2025-05-04 14:50:52', 1, 22, 1),
(712, 63, 0, 0, 0, 0, 2, '2025-05-04 14:50:52', 1, 23, 1),
(713, 63, 0, 0, 0, 0, 2, '2025-05-04 14:50:52', 1, 24, 1),
(714, 64, 0, 0, 0, 0, 2, '2025-05-04 14:51:48', 2, 25, 1),
(715, 64, 0, 0, 0, 0, 2, '2025-05-04 14:51:48', 2, 26, 1),
(716, 64, 0, 0, 0, 0, 2, '2025-05-04 14:51:48', 2, 27, 1),
(717, 64, 0, 0, 0, 0, 2, '2025-05-04 14:51:48', 2, 28, 1),
(718, 64, 0, 0, 0, 0, 2, '2025-05-04 14:51:48', 2, 29, 1),
(719, 64, 0, 0, 0, 0, 2, '2025-05-04 14:51:48', 2, 30, 1),
(720, 64, 0, 0, 0, 0, 2, '2025-05-04 14:51:48', 2, 31, 1),
(721, 64, 0, 0, 0, 0, 2, '2025-05-04 14:51:48', 2, 32, 1),
(722, 65, 0, 0, 0, 0, 2, '2025-05-04 14:51:48', 2, 25, 1),
(723, 65, 0, 0, 0, 0, 2, '2025-05-04 14:51:48', 2, 26, 1),
(724, 65, 0, 0, 0, 0, 2, '2025-05-04 14:51:48', 2, 27, 1),
(725, 65, 0, 0, 0, 0, 2, '2025-05-04 14:51:48', 2, 28, 1),
(726, 65, 0, 0, 0, 0, 2, '2025-05-04 14:51:48', 2, 29, 1),
(727, 65, 0, 0, 0, 0, 2, '2025-05-04 14:51:48', 2, 30, 1),
(728, 65, 0, 0, 0, 0, 2, '2025-05-04 14:51:48', 2, 31, 1),
(729, 65, 0, 0, 0, 0, 2, '2025-05-04 14:51:48', 2, 32, 1),
(730, 66, 0, 0, 0, 0, 2, '2025-05-04 14:51:48', 2, 25, 1),
(731, 66, 0, 0, 0, 0, 2, '2025-05-04 14:51:48', 2, 26, 1),
(732, 66, 0, 0, 0, 0, 2, '2025-05-04 14:51:48', 2, 27, 1),
(733, 66, 0, 0, 0, 0, 2, '2025-05-04 14:51:48', 2, 28, 1),
(734, 66, 0, 0, 0, 0, 2, '2025-05-04 14:51:48', 2, 29, 1),
(735, 66, 0, 0, 0, 0, 2, '2025-05-04 14:51:48', 2, 30, 1),
(736, 66, 0, 0, 0, 0, 2, '2025-05-04 14:51:48', 2, 31, 1),
(737, 66, 0, 0, 0, 0, 2, '2025-05-04 14:51:48', 2, 32, 1),
(738, 67, 0, 0, 0, 0, 2, '2025-05-04 14:51:48', 2, 25, 1),
(739, 67, 0, 0, 0, 0, 2, '2025-05-04 14:51:48', 2, 26, 1),
(740, 67, 0, 0, 0, 0, 2, '2025-05-04 14:51:48', 2, 27, 1),
(741, 67, 0, 0, 0, 0, 2, '2025-05-04 14:51:48', 2, 28, 1),
(742, 67, 0, 0, 0, 0, 2, '2025-05-04 14:51:48', 2, 29, 1),
(743, 67, 0, 0, 0, 0, 2, '2025-05-04 14:51:48', 2, 30, 1),
(744, 67, 0, 0, 0, 0, 2, '2025-05-04 14:51:48', 2, 31, 1),
(745, 67, 0, 0, 0, 0, 2, '2025-05-04 14:51:48', 2, 32, 1),
(746, 68, 0, 0, 0, 0, 2, '2025-05-04 14:52:01', 4, 41, 1),
(747, 68, 0, 0, 0, 0, 2, '2025-05-04 14:52:01', 4, 42, 1),
(748, 68, 0, 0, 0, 0, 2, '2025-05-04 14:52:01', 4, 43, 1),
(749, 68, 0, 0, 0, 0, 2, '2025-05-04 14:52:01', 4, 44, 1),
(750, 68, 0, 0, 0, 0, 2, '2025-05-04 14:52:01', 4, 45, 1),
(751, 68, 0, 0, 0, 0, 2, '2025-05-04 14:52:01', 4, 46, 1),
(752, 68, 0, 0, 0, 0, 2, '2025-05-04 14:52:01', 4, 47, 1),
(753, 68, 0, 0, 0, 0, 2, '2025-05-04 14:52:01', 4, 48, 1),
(754, 69, 0, 0, 0, 0, 2, '2025-05-04 14:52:01', 4, 41, 1),
(755, 69, 0, 0, 0, 0, 2, '2025-05-04 14:52:01', 4, 42, 1),
(756, 69, 0, 0, 0, 0, 2, '2025-05-04 14:52:01', 4, 43, 1),
(757, 69, 0, 0, 0, 0, 2, '2025-05-04 14:52:01', 4, 44, 1),
(758, 69, 0, 0, 0, 0, 2, '2025-05-04 14:52:01', 4, 45, 1),
(759, 69, 0, 0, 0, 0, 2, '2025-05-04 14:52:01', 4, 46, 1),
(760, 69, 0, 0, 0, 0, 2, '2025-05-04 14:52:01', 4, 47, 1),
(761, 69, 0, 0, 0, 0, 2, '2025-05-04 14:52:01', 4, 48, 1),
(762, 70, 0, 0, 0, 0, 2, '2025-05-04 14:52:01', 4, 41, 1),
(763, 70, 0, 0, 0, 0, 2, '2025-05-04 14:52:01', 4, 42, 1),
(764, 70, 0, 0, 0, 0, 2, '2025-05-04 14:52:01', 4, 43, 1),
(765, 70, 0, 0, 0, 0, 2, '2025-05-04 14:52:01', 4, 44, 1),
(766, 70, 0, 0, 0, 0, 2, '2025-05-04 14:52:01', 4, 45, 1),
(767, 70, 0, 0, 0, 0, 2, '2025-05-04 14:52:01', 4, 46, 1),
(768, 70, 0, 0, 0, 0, 2, '2025-05-04 14:52:01', 4, 47, 1),
(769, 70, 0, 0, 0, 0, 2, '2025-05-04 14:52:01', 4, 48, 1),
(770, 71, 0, 0, 0, 0, 2, '2025-05-04 14:52:01', 4, 41, 1),
(771, 71, 0, 0, 0, 0, 2, '2025-05-04 14:52:01', 4, 42, 1),
(772, 71, 0, 0, 0, 0, 2, '2025-05-04 14:52:01', 4, 43, 1),
(773, 71, 0, 0, 0, 0, 2, '2025-05-04 14:52:01', 4, 44, 1),
(774, 71, 0, 0, 0, 0, 2, '2025-05-04 14:52:01', 4, 45, 1),
(775, 71, 0, 0, 0, 0, 2, '2025-05-04 14:52:01', 4, 46, 1),
(776, 71, 0, 0, 0, 0, 2, '2025-05-04 14:52:01', 4, 47, 1),
(777, 71, 0, 0, 0, 0, 2, '2025-05-04 14:52:01', 4, 48, 1),
(778, 72, 0, 0, 0, 0, 2, '2025-05-04 14:52:01', 4, 41, 1),
(779, 72, 0, 0, 0, 0, 2, '2025-05-04 14:52:01', 4, 42, 1),
(780, 72, 0, 0, 0, 0, 2, '2025-05-04 14:52:01', 4, 43, 1),
(781, 72, 0, 0, 0, 0, 2, '2025-05-04 14:52:01', 4, 44, 1),
(782, 72, 0, 0, 0, 0, 2, '2025-05-04 14:52:01', 4, 45, 1),
(783, 72, 0, 0, 0, 0, 2, '2025-05-04 14:52:01', 4, 46, 1),
(784, 72, 0, 0, 0, 0, 2, '2025-05-04 14:52:01', 4, 47, 1),
(785, 72, 0, 0, 0, 0, 2, '2025-05-04 14:52:01', 4, 48, 1),
(786, 73, 0, 0, 0, 0, 2, '2025-05-04 14:52:01', 4, 41, 1),
(787, 73, 0, 0, 0, 0, 2, '2025-05-04 14:52:01', 4, 42, 1),
(788, 73, 0, 0, 0, 0, 2, '2025-05-04 14:52:01', 4, 43, 1),
(789, 73, 0, 0, 0, 0, 2, '2025-05-04 14:52:01', 4, 44, 1),
(790, 73, 0, 0, 0, 0, 2, '2025-05-04 14:52:01', 4, 45, 1),
(791, 73, 0, 0, 0, 0, 2, '2025-05-04 14:52:01', 4, 46, 1),
(792, 73, 0, 0, 0, 0, 2, '2025-05-04 14:52:01', 4, 47, 1),
(793, 73, 0, 0, 0, 0, 2, '2025-05-04 14:52:01', 4, 48, 1),
(794, 74, 0, 0, 0, 0, 2, '2025-05-04 14:52:01', 4, 41, 1),
(795, 74, 0, 0, 0, 0, 2, '2025-05-04 14:52:01', 4, 42, 1),
(796, 74, 0, 0, 0, 0, 2, '2025-05-04 14:52:01', 4, 43, 1),
(797, 74, 0, 0, 0, 0, 2, '2025-05-04 14:52:01', 4, 44, 1),
(798, 74, 0, 0, 0, 0, 2, '2025-05-04 14:52:01', 4, 45, 1),
(799, 74, 0, 0, 0, 0, 2, '2025-05-04 14:52:01', 4, 46, 1),
(800, 74, 0, 0, 0, 0, 2, '2025-05-04 14:52:01', 4, 47, 1),
(801, 74, 0, 0, 0, 0, 2, '2025-05-04 14:52:01', 4, 48, 1),
(802, 75, 0, 0, 0, 0, 2, '2025-05-04 14:52:01', 4, 41, 1),
(803, 75, 0, 0, 0, 0, 2, '2025-05-04 14:52:01', 4, 42, 1),
(804, 75, 0, 0, 0, 0, 2, '2025-05-04 14:52:01', 4, 43, 1),
(805, 75, 0, 0, 0, 0, 2, '2025-05-04 14:52:01', 4, 44, 1),
(806, 75, 0, 0, 0, 0, 2, '2025-05-04 14:52:01', 4, 45, 1),
(807, 75, 0, 0, 0, 0, 2, '2025-05-04 14:52:01', 4, 46, 1),
(808, 75, 0, 0, 0, 0, 2, '2025-05-04 14:52:01', 4, 47, 1),
(809, 75, 0, 0, 0, 0, 2, '2025-05-04 14:52:01', 4, 48, 1),
(810, 76, 0, 0, 0, 0, 2, '2025-05-04 14:52:01', 4, 41, 1),
(811, 76, 0, 0, 0, 0, 2, '2025-05-04 14:52:01', 4, 42, 1),
(812, 76, 0, 0, 0, 0, 2, '2025-05-04 14:52:01', 4, 43, 1),
(813, 76, 0, 0, 0, 0, 2, '2025-05-04 14:52:01', 4, 44, 1),
(814, 76, 0, 0, 0, 0, 2, '2025-05-04 14:52:01', 4, 45, 1),
(815, 76, 0, 0, 0, 0, 2, '2025-05-04 14:52:01', 4, 46, 1),
(816, 76, 0, 0, 0, 0, 2, '2025-05-04 14:52:01', 4, 47, 1),
(817, 76, 0, 0, 0, 0, 2, '2025-05-04 14:52:01', 4, 48, 1);

-- --------------------------------------------------------

--
-- Table structure for table `school_year`
--

CREATE TABLE `school_year` (
  `id` int(11) NOT NULL,
  `year_start` int(11) NOT NULL,
  `year_end` int(11) NOT NULL
) ENGINE=InnoDB DEFAULT CHARSET=utf8mb4 COLLATE=utf8mb4_general_ci;

--
-- Dumping data for table `school_year`
--

INSERT INTO `school_year` (`id`, `year_start`, `year_end`) VALUES
(1, 2025, 2026),
(2, 2026, 2027);

-- --------------------------------------------------------

--
-- Table structure for table `subject`
--

CREATE TABLE `subject` (
  `id` int(11) NOT NULL,
  `subject_name` varchar(100) NOT NULL,
  `yearlevel_id` int(11) DEFAULT NULL
) ENGINE=InnoDB DEFAULT CHARSET=utf8mb4 COLLATE=utf8mb4_general_ci;

--
-- Dumping data for table `subject`
--

INSERT INTO `subject` (`id`, `subject_name`, `yearlevel_id`) VALUES
(17, 'English 7', 1),
(18, 'Filipino 7', 1),
(19, 'MAPEH 7', 1),
(20, 'TLE 7', 1),
(21, 'Computer 7', 1),
(22, 'AP 7', 1),
(23, 'Science 7', 1),
(24, 'Math 7', 1),
(25, 'English 8', 2),
(26, 'Filipino 8', 2),
(27, 'MAPEH 8', 2),
(28, 'TLE 8', 2),
(29, 'Computer 8', 2),
(30, 'AP 8', 2),
(31, 'Science 8', 2),
(32, 'Math 8', 2),
(33, 'English 9', 3),
(34, 'Filipino 9', 3),
(35, 'MAPEH 9', 3),
(36, 'TLE 9', 3),
(37, 'Computer 9', 3),
(38, 'AP 9', 3),
(39, 'Science 9', 3),
(40, 'Math 9', 3),
(41, 'English 10', 4),
(42, 'Filipino 10', 4),
(43, 'MAPEH 10', 4),
(44, 'TLE 10', 4),
(45, 'Computer 10', 4),
(46, 'AP 10', 4),
(47, 'Science 10', 4),
(48, 'Math 10', 4);

-- --------------------------------------------------------

--
-- Table structure for table `users`
--

CREATE TABLE `users` (
  `id` int(11) NOT NULL,
  `username` varchar(50) NOT NULL,
  `FirstName` varchar(100) NOT NULL,
  `LastName` varchar(100) NOT NULL,
  `password` varchar(255) NOT NULL,
  `role` enum('faculty','student') NOT NULL,
  `created_at` timestamp NOT NULL DEFAULT current_timestamp()
) ENGINE=InnoDB DEFAULT CHARSET=utf8mb4 COLLATE=utf8mb4_general_ci;

--
-- Dumping data for table `users`
--

INSERT INTO `users` (`id`, `username`, `FirstName`, `LastName`, `password`, `role`, `created_at`) VALUES
(2, 'Dan@gmail.com', 'Dan Michael', 'Oro', '$2y$10$SnU1.HVurUV3tRdZuqdmRO.TKRs.U5TMcpOX.Q2rUKGVxHKUrn3UG', 'faculty', '2025-04-12 13:41:58'),
(8, 'angelo@gmail.com', 'Angelo', 'Morales', '$2y$10$QdMNKhzM4HfgSwE1F0yp/u1uSg10i6RXuS.p2lpX.kSKQef8UZZ4K', 'student', '2025-04-13 03:05:10'),
(9, 'Juan@gmail.com', 'Juan', 'Dela Cruz', '$2y$10$ojajWZptzrnVQiiELmylO.kTPcIPdX58uBWuDfNxZyA9jHvCvP.i.', 'student', '2025-04-13 04:38:54'),
(10, 'lebron@gmail.com', 'Lebron', 'James', '$2y$10$O7ImQfEwAUlrFLg35CdZeuQsNVpBPGqMS2Ql1jvF61nbYwM571dBu', 'student', '2025-04-30 15:06:29'),
(11, 'john@gmail.com', 'John', 'Smith', '$2y$10$WRl15imEVGHuKmpEpMOLy.pEjb1jJr2fnmiXXgeiguMtGeJpPVAou', 'student', '2025-05-01 11:47:34'),
(12, 'maria@gmail.com', 'Maria', 'Chan', '$2y$10$2UHi3ZZnbLwk5eq0hPcKgOhLcq2Q6M.oMZLyd3BkBZpvCHjzLM5ba', 'student', '2025-05-01 11:53:04'),
(13, 'Thomas@gmail.com', 'Thomas', 'Santos', '$2y$10$6SJHhL15lY4v8xHsNCCRN.iqey6AYDgIR7YpL.qW8Ey/GjiYZUyh2', 'faculty', '2025-05-04 14:44:33'),
(14, 'Edward@gmail.com', 'Edward', 'Navarro', '$2y$10$vR320zL1UJc7SAtZG6rwq.b9VJAU1Dggi/2piBSpz2kaWosVvoGv.', 'faculty', '2025-05-04 14:44:33'),
(15, 'Kenneth@gmail.com', 'Kenneth', 'Cruz', '$2y$10$OvXaIDt/Z44jiIw642mJtOodRkBbnXHJV9WKzz3lDsUXc.NFBNRv2', 'faculty', '2025-05-04 14:44:33'),
(16, 'Stephen@gmail.com', 'Stephen', 'Mendoza', '$2y$10$1tCEMZPEKsb2NyWK2NJ5Y.b/t36dxV6DvEnJRyW5tmVKSxh6Ibl/K', 'faculty', '2025-05-04 14:44:33'),
(17, 'Laura@gmail.com', 'Laura', 'Delgado', '$2y$10$NyOXr42j2V7uUnvmtkCbPe4hVAK0ibJPhCv93O0zVENkGg1BYR7g.', 'faculty', '2025-05-04 14:44:33'),
(18, 'Angela@gmail.com', 'Angela', 'Ramos', '$2y$10$toNankL/oHImmziwQOGlMuiQ9mBlK8lDljcYdQBDywyMwuDawcvUa', 'faculty', '2025-05-04 14:44:33'),
(19, 'Denise @gmail.com', 'Denise', 'Castillo', '$2y$10$yGhGLShd/E7r4UG99RP5qebOJ7QoZNSmpfn0ZinjLsPWQ3AuJyFDS', 'faculty', '2025-05-04 14:44:33'),
(20, 'Karen@gmail.com', 'Karen', 'Bautista', '$2y$10$wsWtSGWpqUwUNddBgU72m.iy4ElstR0GdxTqSjEA4oOm2fM4DX4Vi', 'faculty', '2025-05-04 14:44:33'),
(21, 'David@gmail.com', 'David', 'Brown', '$2y$10$j7m/Q52KnaQ7vyjUDjHDxuIlFMYmOK0RVI1HolYJQPPx8x5I3iVY.', 'student', '2025-05-04 14:44:34'),
(22, 'James@gmail.com', 'James', 'Miller', '$2y$10$a9gBTQ4fdfLNJ3spKsd8jeOrzZ6C.DjaWqsJXtMVB7YiEatUsKc1y', 'student', '2025-05-04 14:44:34'),
(23, 'Daniel@gmail.com', 'Daniel', 'Moore', '$2y$10$hERYflIJVwa6kdJfTIYP2Ob/D/IPUXuM0n1gdxbBdntA3HnxFKMai', 'student', '2025-05-04 14:44:34'),
(24, 'Matthew@gmail.com', 'Matthew', 'Anderson', '$2y$10$VhEjj59eE4aWP54DTNTvxezInxJ0uGv1FbhYL/u7ovQpEaXw5mcV.', 'student', '2025-05-04 14:44:34'),
(25, 'Mia@gmail.com', 'Mia', 'White', '$2y$10$wyk2sJiBgxFwim2nZUsLqO20udae2s3kj.02VgHPR.Z4bmwXyx1Sq', 'student', '2025-05-04 14:44:34'),
(26, 'Sophia@gmail.com', 'Sophia', 'Martin', '$2y$10$bJxt8zVsMp4i9rydnLCfIeV0A0KtQVSJttQ2iqPoad8BwynN5.uH6', 'student', '2025-05-04 14:44:34'),
(27, 'Abigail@gmail.com', 'Abigail', 'Garcia', '$2y$10$mhvcnYtwCOFSF78jKbgRNubKb1fkxr4NAtwmn85oRQ12RDQKQ4riC', 'student', '2025-05-04 14:44:34'),
(28, 'Charlotte@gmail.com', 'Charlotte', 'Robinson', '$2y$10$EVGZOfRqFc17i610OHIJEuwH0yHO2NQ0Eu01YsnltoVDvr/sNytqm', 'student', '2025-05-04 14:44:34'),
(29, 'Amelia@gmail.com', 'Amelia', 'Rodriguez', '$2y$10$j/OQ1PvclGoNi/.ZTUciTeYZ5D8UZDGa7dZ2EM7prKxl0TmTlK/gC', 'student', '2025-05-04 14:44:34'),
(30, 'Andrew@gmail.com', 'Andrew', 'Jackson', '$2y$10$TIAO5AE5cuDH8De.aTMrteNOG9xUpxE6PAzk4NjMca/Ea2MsGvMYK', 'student', '2025-05-04 14:44:34'),
(31, 'Christoper@gmail.com', 'Christoper', 'Harris', '$2y$10$FTNSNHFnqrT2Th0JJyJHFO7D0aeh84Sii9k1nUJDrFaG6ZCgIKcs6', 'student', '2025-05-04 14:44:34'),
(32, 'Joshua@gmail.com', 'Joshua', 'Thompson', '$2y$10$Xn0VNgoyr00crOrCeCXBb.tcf6dcbbzVqkrEGvgy7ZnrRogJGrz2q', 'student', '2025-05-04 14:44:34'),
(33, 'Joseph@gmail.com', 'Joseph', 'Martinez', '$2y$10$aUwCtpNd1M8jqJ8dMIqku..2KDOiyj5ItdqMhbKUP9P21iwLRz3mu', 'student', '2025-05-04 14:44:34'),
(34, 'Ryan@gmail.com', 'Ryan', 'Clark', '$2y$10$qo.OXtf9n.DiPxI.Inor0eZ8noA/L.x4Jl2Yg8es9pZpytqkZ6gR6', 'student', '2025-05-04 14:44:34'),
(35, 'Harper@gmail.com', 'Harper', 'Lee', '$2y$10$v1LaSAsSYqYkFSQLtRL8lOAQOXH6s1za3gELXRQKo9IwAQXIO1e7a', 'student', '2025-05-04 14:44:34'),
(36, 'Lily@gmail.com', 'Lily', 'Hall', '$2y$10$BkxA1tK.SDx1DhVd0zeTpu2jEk.fm4th/dII3A9cR9cxBYx7vD/re', 'student', '2025-05-04 14:44:34'),
(37, 'Chloe@gmail.com', 'Chloe', 'Herrera', '$2y$10$/j3FFRher.nu/Y3ITWMOjuoyZyXlVuJlQK9o3Lh2Efn.B.9HmLMaO', 'student', '2025-05-04 14:44:34'),
(38, 'Ella @gmail.com', 'Ella', 'King', '$2y$10$PhrP0ojzsz.GOgyui4kKT.QNcOuxbA28lFeOJf8MxrvKrWsYNffme', 'student', '2025-05-04 14:44:35'),
(39, 'Natalie@gmail.com', 'Natalie', 'Lopez', '$2y$10$NVzB.i2rLxEqz1QS/ODb4.B6aQBnhf7fmSL/ZAMygGZ5cPpENgrJC', 'student', '2025-05-04 14:44:35'),
(40, 'Benjamin@gmail.com', 'Benjamin', 'Lewis', '$2y$10$bMTYNSE2ER3y1U6SEPFkJOb1Whl8HFhPhzygMX5SF6lyUl1sez8aq', 'student', '2025-05-04 14:44:35'),
(41, 'Samuel@gmail.com', 'Samuel', 'Walker', '$2y$10$fw/5aOOnVx8g7Kdm3IWWauVs8bo2/y9/eW8lEzDHVqGR0mHZ22Vta', 'student', '2025-05-04 14:44:35'),
(42, 'Anthony@gmail.com', 'Anthony', 'Allen', '$2y$10$jO4hsNVgFJA2VW0lpwNHP.d06P/CINODFtkt51Sha2uGjXdBXVzLu', 'student', '2025-05-04 14:44:35'),
(43, 'Nathan@gmail.com', 'Nathan', 'Bautista', '$2y$10$p0N8qpVrurzlk2PxOANp/uAl5xpM2JrVcJ8FAft/qLT/aMGq2PC76', 'student', '2025-05-04 14:44:35'),
(44, 'Justin@gmail.com', 'Justin', 'Wright', '$2y$10$xkdKOeLxUl83jnV71zDDMO/aP0u.yj.DsnS7kZl2Wm5Hapo5fI/ra', 'student', '2025-05-04 14:44:35'),
(45, 'Zoey@gmail.com', 'Zoey', 'Scott', '$2y$10$tDSzQCZ7SSWJQ8lecW2PQupDJDYujPHl/Z6Nw5ZlvGHyb0UA80/mK', 'student', '2025-05-04 14:44:35'),
(46, 'Hannah@gmail.com', 'Hannah', 'Adams', '$2y$10$w0OJY4GQ4Uy2GYcHv9ouzOoMot.ChtOH/6ttxf87TA1eGRzub.mNa', 'student', '2025-05-04 14:44:35'),
(47, 'Grace@gmail.com', 'Grace', 'Vargas', '$2y$10$9KA85U6Qh5BRaPHTUcN8yO.ptkPh.AhTqkPMX0WnVOIMpd525f1gG', 'student', '2025-05-04 14:44:35'),
(48, 'Aria@gmail.com', 'Aria', 'Bennett', '$2y$10$.6ztJyzILF53NARwkHsHleU8GhFw9x1oWaR3kafCTjGmyOkvtGH8q', 'student', '2025-05-04 14:44:35'),
(49, 'Lucy@gmail.com', 'Lucy', 'Garza', '$2y$10$N.yR1pIecIlTgvnV./FqJOadoPr/Jra8nubstTjGntjY3AVqOs3Ry', 'student', '2025-05-04 14:44:35'),
(50, 'Lucas@gmail.com', 'Lucas', 'Fernandez', '$2y$10$3Hsk4lTh29q6NW8c7adSPujsCE62vpUa6hNO9Q0IFl6wcmvBhnI8y', 'student', '2025-05-04 14:44:35'),
(51, 'Elijah@gmail.com', 'Elijah', 'Torres', '$2y$10$CdDmBcwxfoM3E9o/1a8VjOzfossUDJN2YWOzTVKqS0vaAtduciLtq', 'student', '2025-05-04 14:44:35'),
(52, 'Mason@gmail.com', 'Mason', 'Ramos', '$2y$10$hb4tvs32.gdEjbZwisIXw.jHhI6Gmf9us2cM8sTyL90.sX6jzr9IC', 'student', '2025-05-04 14:44:35'),
(53, 'Logan@gmail.com', 'Logan', 'Gutierrez', '$2y$10$aGrgbsUczdFsCdCyy158veLGpu2mXXbCt03hf7eC7Eg7rIVe648jS', 'student', '2025-05-04 14:44:35'),
(54, 'Jacob@gmail.com', 'Jacob', 'Silva', '$2y$10$ENqijNHFkFHO35t7zBCMsO7XVDdc4AelHDocBtHVfhSM7UhZvAaza', 'student', '2025-05-04 14:44:35'),
(55, 'Emma@gmail.com', 'Emma', 'Navarro', '$2y$10$oJkJYZxvcQAsqzV8T2OPU.69CSiTwUzPu1CtB03TncKuembZW.cm2', 'student', '2025-05-04 14:44:35'),
(56, 'Ava@gmail.com', 'Ava', 'Reyes', '$2y$10$JwWrd22mTm2A79GsjKW5au9HHV2Nn3/th7ed2KA0OUD22fxq/dlBO', 'student', '2025-05-04 14:44:36'),
(57, 'Scarlett@gmail.com', 'Scarlett', 'Morales', '$2y$10$.MLFW/m0EhVnzvY42A6U3OKnYb7ZiniHyq0VPbcg/ThXIY1w1HGV6', 'student', '2025-05-04 14:44:36'),
(58, 'Victoria@gmail.com', 'Victoria', 'Santiago', '$2y$10$fOTyxv6eri1KEloJcTD6O.KUbPDwBoV0dYf9DFHL/QdQbRw4Dgq.u', 'student', '2025-05-04 14:44:36'),
(59, 'Ethan@gmail.com', 'Ethan', 'Aguilar', '$2y$10$H2s3ADGS3D9eFWM3o2gddevJ5rq5k8T/L63GWC3yxhbrvAYxTP9rm', 'student', '2025-05-04 14:44:36'),
(60, 'Aiden@gmail.com', 'Aiden', 'Castillo', '$2y$10$YKZtPF80i9VlJIhQvBwkFOjVGk/AC15ELyLfEJ/hhp0oTla/dJ.4S', 'student', '2025-05-04 14:44:36'),
(61, 'Caleb@gmail.com', 'Caleb', 'Cruz', '$2y$10$BYrR9ZwsXmkCIMQDDdYhdeiChh1YUSpaVwe3.xq1Gy6tGnc8zzWMy', 'student', '2025-05-04 14:44:36'),
(62, 'Julian@gmail.com', 'Julian', 'Delgado', '$2y$10$T.ZVOyorKj7GXTwwIaYvG.j03NZdfBZxYNxq7yehWlDKFbftOFKym', 'student', '2025-05-04 14:44:36'),
(63, 'Hazel@gmail.com', 'Hazel', 'Romero', '$2y$10$eX15yR9K9Re8LRzDO/FINescaXzkIrhsa04uQ5kxGStEQRExEGJV.', 'student', '2025-05-04 14:44:36'),
(64, 'Audrey@gmail.com', 'Audrey', 'Valdez', '$2y$10$URql.qDUM0MRh8bF9HWC/eJmwz5PWJOi4GmyAZPPWQxUspTL/89B2', 'student', '2025-05-04 14:44:36'),
(65, 'Brooklyn@gmail.com', 'Brooklyn', 'Dominguez', '$2y$10$4fRvXTRWHiDR9kvVdbfF0eUKP4VOaMis6Y4dcCRvZHF9602/kkO9e', 'student', '2025-05-04 14:44:36'),
(66, 'Layla@gmail.com', 'Layla', 'Rios', '$2y$10$t3NHNkHw5SUSGckIzBksme.WCHgGGPrTCesOVRp1.9VBMjkw/848K', 'student', '2025-05-04 14:44:36'),
(67, 'Gabriel@gmail.com', 'Gabriel', 'Santos', '$2y$10$tZI5VzD1iDor6rMMS6rJl.VesliRLGoplgiAkIEAMeM5dNbNhG1ua', 'student', '2025-05-04 14:44:36'),
(68, 'Levi@gmail.com', 'Levi', 'Mendoza', '$2y$10$guDQBYBHNZOuP0TBpOkDGO5TuRebYz0UbpXHYTNIy8kokQc19XwDC', 'student', '2025-05-04 14:44:36'),
(69, 'Isaac@gmail.com', 'Isaac', 'Salazar', '$2y$10$t1y5sVnWj7DBsRv5DplS1uzmHBtdrn3VAVs0UUU7C0VzKNrxCOjhG', 'student', '2025-05-04 14:44:36'),
(70, 'Dylan@gmail.com', 'Dylan', 'Vega', '$2y$10$l7rM3VgboGh.IH7IfBGZ0Ou6xQyBvECp.zc.vLlllh.IzDKP19AHW', 'student', '2025-05-04 14:44:36'),
(71, 'Christian@gmail.com', 'Christian', 'Lozano', '$2y$10$cYXkjBdpchMMZqmZbmKH0.wd6A92PS8Ql8VvtmMyHQ8dSRksPWWQ6', 'student', '2025-05-04 14:44:37'),
(72, 'Penelope@gmail.com', 'Penelope', 'Jimenez', '$2y$10$jf.qH3btV5hTUpzB0pAGK.X0kp0GuXmRXyATTxSF2erpV.P1JuKYq', 'student', '2025-05-04 14:44:37'),
(73, 'Eleanor@gmail.com', 'Eleanor', 'Padilla', '$2y$10$b9o6cl215Lu00bOtNzo1duI0dMAT3L9ier42cUMyiZw/MnrqDtCfe', 'student', '2025-05-04 14:44:37'),
(74, 'Savannah@gmail.com', 'Savannah', 'Mendez', '$2y$10$3rDGb6x74./Y0PlhfcMNouWtxvmQwBcg.GeDqB8bCp98YYKlCIvym', 'student', '2025-05-04 14:44:37'),
(75, 'Nora@gmail.com', 'Nora', 'Mercado', '$2y$10$/bYf/f837CfcnTRihwPy7.lgpt8Sdd9K3VRIDba0Zk0EomZDPZd9K', 'student', '2025-05-04 14:44:37'),
(76, 'Niece@gmail.com', 'Niece', 'Cabrera', '$2y$10$.K/AzqvankTj9dVMiIUGU.7Cykf6cnsjzE75V8X9lCDdovPY0axGm', 'student', '2025-05-04 14:44:37'),
(77, 'Hunter@gmail.com', 'Hunter', 'Rivera', '$2y$10$r0Qc72//R0pYMlgCQxrDDu57bVXBRreSVE5GRCIxfLr7dlY/IGyZe', 'student', '2025-05-04 14:44:37'),
(78, 'Jonathan@gmail.com', 'Jonathan', 'Pena', '$2y$10$DtU5z1C3qNrFPnXPnC541ue/9erH/Iq.rLm8tU.hBRvPoRSiqpaYq', 'student', '2025-05-04 14:44:37'),
(79, 'Xavier@gmail.com', 'Xavier', 'Alvarez', '$2y$10$Xx1byPWHZaILmwdarwaQm.0m.GjvrQ6ztuX6WxM5p/W6JZntL.eA6', 'student', '2025-05-04 14:44:37'),
(80, 'Cameron@gmail.com', 'Cameron', 'Castillo', '$2y$10$VSg1L4kAeHCRuLI6t2Ap.OtjZY4gjd30gPKyWUqEQgM.dk3HtSmUa', 'student', '2025-05-04 14:44:37'),
(81, 'Miles@gmail.com', 'Miles', 'Espinoza', '$2y$10$Q./TY7r.uokqOVqNITf1weZSnxfUILjsAM1ZcNGRrSehK4GHh.vhG', 'student', '2025-05-04 14:44:37'),
(82, 'Zoe@gmail.com', 'Zoe', 'Luna', '$2y$10$InJglyRUP.dm70AvaI9hre9R1nHQK/U0cEPRUUXr6sIBj.cmH8Ek6', 'student', '2025-05-04 14:44:37'),
(83, 'Allison@gmail.com', 'Allison', 'Marquez', '$2y$10$p9HPKZJN2NEe5XCeqhJRjehuA8F7PuHzsFhbtxFcj8PxpaAqFlwhK', 'student', '2025-05-04 14:44:37'),
(84, 'Madelyn@gmail.com', 'Madelyn', 'Delgado', '$2y$10$Je4xk.vZK9VVa9FUmfrkX.cUsD/k/wewGDtzwlyT9d9hxiQ8Ycq.W', 'student', '2025-05-04 14:44:37');

-- --------------------------------------------------------

--
-- Table structure for table `yearlevel`
--

CREATE TABLE `yearlevel` (
  `id` int(11) NOT NULL,
  `level_name` varchar(50) NOT NULL
) ENGINE=InnoDB DEFAULT CHARSET=utf8mb4 COLLATE=utf8mb4_general_ci;

--
-- Dumping data for table `yearlevel`
--

INSERT INTO `yearlevel` (`id`, `level_name`) VALUES
(1, 'Grade 7'),
(2, 'Grade 8'),
(3, 'Grade 9'),
(4, 'Grade 10');

--
-- Indexes for dumped tables
--

--
-- Indexes for table `announcements`
--
ALTER TABLE `announcements`
  ADD PRIMARY KEY (`id`),
  ADD KEY `created_by` (`created_by`);

--
-- Indexes for table `grades`
--
ALTER TABLE `grades`
  ADD PRIMARY KEY (`id`),
  ADD UNIQUE KEY `unique_grade_entry` (`student_id`,`subject_id`,`school_year_id`),
  ADD KEY `fk_grades_created_by` (`created_by`),
  ADD KEY `yearlevel_id` (`yearlevel_id`),
  ADD KEY `subject_id` (`subject_id`),
  ADD KEY `school_year_id` (`school_year_id`);

--
-- Indexes for table `school_year`
--
ALTER TABLE `school_year`
  ADD PRIMARY KEY (`id`),
  ADD UNIQUE KEY `year_start` (`year_start`,`year_end`);

--
-- Indexes for table `subject`
--
ALTER TABLE `subject`
  ADD PRIMARY KEY (`id`),
  ADD KEY `yearlevel_id` (`yearlevel_id`);

--
-- Indexes for table `users`
--
ALTER TABLE `users`
  ADD PRIMARY KEY (`id`),
  ADD UNIQUE KEY `username` (`username`);

--
-- Indexes for table `yearlevel`
--
ALTER TABLE `yearlevel`
  ADD PRIMARY KEY (`id`);

--
-- AUTO_INCREMENT for dumped tables
--

--
-- AUTO_INCREMENT for table `announcements`
--
ALTER TABLE `announcements`
  MODIFY `id` int(11) NOT NULL AUTO_INCREMENT, AUTO_INCREMENT=8;

--
-- AUTO_INCREMENT for table `grades`
--
ALTER TABLE `grades`
  MODIFY `id` int(11) NOT NULL AUTO_INCREMENT, AUTO_INCREMENT=1306;

--
-- AUTO_INCREMENT for table `school_year`
--
ALTER TABLE `school_year`
  MODIFY `id` int(11) NOT NULL AUTO_INCREMENT, AUTO_INCREMENT=3;

--
-- AUTO_INCREMENT for table `subject`
--
ALTER TABLE `subject`
  MODIFY `id` int(11) NOT NULL AUTO_INCREMENT, AUTO_INCREMENT=56;

--
-- AUTO_INCREMENT for table `users`
--
ALTER TABLE `users`
  MODIFY `id` int(11) NOT NULL AUTO_INCREMENT, AUTO_INCREMENT=85;

--
-- AUTO_INCREMENT for table `yearlevel`
--
ALTER TABLE `yearlevel`
  MODIFY `id` int(11) NOT NULL AUTO_INCREMENT, AUTO_INCREMENT=5;

--
-- Constraints for dumped tables
--

--
-- Constraints for table `announcements`
--
ALTER TABLE `announcements`
  ADD CONSTRAINT `announcements_ibfk_1` FOREIGN KEY (`created_by`) REFERENCES `users` (`id`) ON DELETE CASCADE;

--
-- Constraints for table `grades`
--
ALTER TABLE `grades`
  ADD CONSTRAINT `fk_grades_created_by` FOREIGN KEY (`created_by`) REFERENCES `users` (`id`) ON DELETE CASCADE,
  ADD CONSTRAINT `fk_grades_student_id` FOREIGN KEY (`student_id`) REFERENCES `users` (`id`) ON DELETE CASCADE,
  ADD CONSTRAINT `grades_ibfk_1` FOREIGN KEY (`yearlevel_id`) REFERENCES `yearlevel` (`id`),
  ADD CONSTRAINT `grades_ibfk_2` FOREIGN KEY (`subject_id`) REFERENCES `subject` (`id`),
  ADD CONSTRAINT `grades_ibfk_3` FOREIGN KEY (`school_year_id`) REFERENCES `school_year` (`id`);

--
-- Constraints for table `subject`
--
ALTER TABLE `subject`
  ADD CONSTRAINT `subject_ibfk_1` FOREIGN KEY (`yearlevel_id`) REFERENCES `yearlevel` (`id`) ON DELETE CASCADE;
COMMIT;

/*!40101 SET CHARACTER_SET_CLIENT=@OLD_CHARACTER_SET_CLIENT */;
/*!40101 SET CHARACTER_SET_RESULTS=@OLD_CHARACTER_SET_RESULTS */;
/*!40101 SET COLLATION_CONNECTION=@OLD_COLLATION_CONNECTION */;
